{
    "accuracy": 0.9791788601345487,
    "loss": 0.06736275013018814
}