{
    "accuracy": 0.9762912785456731,
    "loss": 0.09569210866466164
}