{
    "accuracy": 0.9759418945312501,
    "loss": 0.09700082583973806
}