{
    "accuracy": 0.9820525841346154,
    "loss": 0.06274948855862021
}