{
    "accuracy": 0.9901073201497397,
    "loss": 0.025406244398456894
}