{
    "accuracy": 0.9815082736545138,
    "loss": 0.05899509099415607
}